ID,VideoTag
0,gaming
1,movie
2,entertainment
3,movie
4,education
5,TV
6,movie
7,gaming
8,movie
9,education
10,entertainment
11,gaming
12,TV
13,gaming
14,entertainment
15,TV
16,entertainment
17,movie
18,education
19,education
20,movie
21,movie
22,entertainment
23,TV
24,education
25,entertainment
26,TV
27,movie
28,education
29,entertainment
30,gaming
31,TV
32,education
33,entertainment
34,gaming
35,entertainment
36,movie
37,gaming
38,movie
39,education
40,movie
41,gaming
42,gaming
43,movie
44,movie
45,education
46,TV
47,entertainment
48,entertainment
49,gaming
50,entertainment
51,gaming
52,education
53,education
54,movie
55,movie
56,education
57,entertainment
58,TV
59,entertainment
60,gaming
61,education
62,education
63,movie
64,movie
65,movie
66,education
67,education
68,education
69,entertainment
70,education
71,movie
72,entertainment
73,entertainment
74,TV
75,gaming
76,movie
77,gaming
78,movie
79,education
80,education
81,entertainment
82,entertainment
83,entertainment
84,movie
85,movie
86,entertainment
87,entertainment
88,gaming
89,TV
90,gaming
91,entertainment
92,TV
93,entertainment
94,gaming
95,movie
96,education
97,movie
98,movie
99,entertainment
100,entertainment
101,education
102,movie
103,gaming
104,education
105,gaming
106,entertainment
107,gaming
108,education
109,gaming
110,gaming
111,TV
112,entertainment
113,TV
114,gaming
115,education
116,entertainment
117,gaming
118,gaming
119,TV
120,gaming
121,entertainment
122,gaming
123,education
124,gaming
125,movie
126,gaming
127,entertainment
128,gaming
129,gaming
130,entertainment
131,gaming
132,gaming
133,entertainment
134,education
135,movie
136,gaming
137,movie
138,education
139,gaming
140,TV
141,education
142,movie
143,entertainment
144,movie
145,movie
146,gaming
147,gaming
148,entertainment
149,entertainment
150,education
151,gaming
152,gaming
153,education
154,entertainment
155,entertainment
156,entertainment
157,movie
158,movie
159,movie
160,TV
161,entertainment
162,entertainment
163,gaming
164,gaming
165,education
166,entertainment
167,movie
168,gaming
169,movie
170,education
171,gaming
172,entertainment
173,gaming
174,gaming
175,gaming
176,gaming
177,education
178,movie
179,TV
180,entertainment
181,education
182,gaming
183,entertainment
184,movie
185,movie
186,gaming
187,TV
188,education
189,gaming
190,movie
191,entertainment
192,gaming
193,gaming
194,entertainment
195,gaming
196,gaming
197,gaming
198,gaming
199,education
200,TV
201,education
202,TV
203,movie
204,movie
205,education
206,gaming
207,education
208,TV
209,TV
210,TV
211,gaming
212,TV
213,TV
214,education
215,gaming
216,entertainment
217,TV
218,education
219,TV
220,movie
221,TV
222,education
223,gaming
224,entertainment
225,movie
226,entertainment
227,education
228,TV
229,TV
230,movie
231,entertainment
232,entertainment
233,education
234,gaming
235,movie
236,movie
237,entertainment
238,movie
239,entertainment
240,movie
241,education
242,TV
243,gaming
244,gaming
245,entertainment
246,education
247,movie
248,movie
249,entertainment
250,movie
251,TV
252,entertainment
253,movie
254,movie
255,entertainment
256,TV
257,TV
258,gaming
259,gaming
260,gaming
261,gaming
262,entertainment
263,movie
264,education
265,movie
266,movie
267,TV
268,movie
269,TV
270,education
271,entertainment
272,gaming
273,TV
274,gaming
275,education
276,TV
277,education
278,gaming
279,education
280,movie
281,TV
282,gaming
283,education
284,gaming
285,entertainment
286,education
287,gaming
288,entertainment
289,movie
290,TV
291,gaming
292,entertainment
293,education
294,entertainment
295,entertainment
296,gaming
297,TV
298,education
299,movie
300,entertainment
301,entertainment
302,movie
303,education
304,entertainment
305,gaming
306,education
307,education
308,gaming
309,gaming
310,movie
311,movie
312,movie
313,movie
314,TV
315,education
316,entertainment
317,entertainment
318,education
319,movie
320,entertainment
321,entertainment
322,gaming
323,education
324,gaming
325,gaming
326,education
327,gaming
328,entertainment
329,entertainment
330,entertainment
331,gaming
332,education
333,entertainment
334,gaming
335,TV
336,movie
337,entertainment
338,education
339,education
340,gaming
341,TV
342,entertainment
343,movie
344,entertainment
345,TV
346,TV
347,movie
348,TV
349,entertainment
350,gaming
351,entertainment
352,entertainment
353,entertainment
354,education
355,entertainment
356,gaming
357,gaming
358,movie
359,gaming
360,education
361,movie
362,gaming
363,gaming
